Rk,Player,Pos,Squad,Age,Born,90s,Cmp,Att,Cmp%,TotDist,PrgDist,Cmp,Att,Cmp%,Cmp,Att,Cmp%,Cmp,Att,Cmp%,Ast,xA,A-xA,KP,01-Mar,PPA,CrsPA,Prog,,
1,Patrick van Aanholt,DF,nl Netherlands,30,1990,3.3,140,178,78.7,2367,709,72,81,88.9,53,69,76.8,12,19,63.2,0,0.4,-0.4,3,7,2,0,10,,
2,Francesco Acerbi,DF,it Italy,32,1988,2.6,160,168,95.2,3085,886,69,70,98.6,61,63,96.8,27,32,84.4,1,0.3,0.7,3,14,0,0,14,,
3,Che Adams,FW,sct Scotland,24,1996,2.4,42,52,80.8,774,120,21,22,95.5,12,18,66.7,7,8,87.5,0,0.4,-0.4,2,2,3,1,4,,
4,Arijan Ademi,MF,mk N. Macedonia,29,1991,2.8,83,93,89.2,1300,344,43,47,91.5,34,39,87.2,5,6,83.3,0,0,0,1,4,0,0,9,,
5,Manuel Akanji,DF,ch Switzerland,25,1995,5.7,261,287,90.9,5381,2015,81,85,95.3,140,145,96.6,35,48,72.9,0,0,0,1,15,1,0,18,,
6,Nathan Aké,DF,nl Netherlands,25,1995,0.6,32,35,91.4,674,90,7,7,100,21,24,87.5,4,4,100,1,0,1,1,1,1,1,0,,
7,David Alaba,DF,at Austria,28,1992,4.3,275,334,82.3,5686,1951,95,103,92.2,133,146,91.1,46,74,62.2,2,0.8,1.2,10,17,4,1,29,,
8,Jordi Alba,DF,es Spain,31,1989,6.2,504,589,85.6,8597,2752,247,267,92.5,206,240,85.8,45,64,70.3,1,1.5,-0.5,11,49,16,6,43,,
9,Thiago Alcántara,MF,es Spain,29,1991,0.8,73,89,82,1593,285,26,32,81.3,32,34,94.1,15,22,68.2,0,0.1,-0.1,2,6,1,0,8,,
10,Toby Alderweireld,DF,be Belgium,31,1989,4,267,306,87.3,5624,1494,95,101,94.1,132,142,93,40,58,69,0,0,0,0,22,3,0,10,,
11,Nikolai Alho,DF,fi Finland,27,1993,0.2,4,7,57.1,47,11,3,3,100,1,2,50,0,2,0,0,0,0,0,0,0,0,0,,
12,Ezgjan Alioski,DF,mk N. Macedonia,28,1992,3,125,169,74,2305,1125,59,63,93.7,48,60,80,17,37,45.9,0,0.2,-0.2,3,10,3,2,17,,
13,Joe Allen,MF,wls Wales,30,1990,3.7,113,131,86.3,2125,433,43,49,87.8,53,59,89.8,15,20,75,0,0,0,1,10,0,0,5,,
14,Ethan Ampadu,DFMF,wls Wales,20,2000,0.8,27,31,87.1,556,158,7,7,100,14,16,87.5,5,7,71.4,0,0,0,1,3,1,0,4,,
15,Joachim Andersen,DF,dk Denmark,24,1996,0.7,36,38,94.7,774,281,12,12,100,17,17,100,7,9,77.8,0,0,0,0,5,1,0,5,,
16,Paulus Arajuuri,DF,fi Finland,32,1988,3,80,84,95.2,1542,471,29,29,100,40,41,97.6,11,14,78.6,0,0,0,0,1,1,0,5,,
17,Stuart Armstrong,MF,sct Scotland,28,1992,1.7,48,60,80,920,268,16,22,72.7,25,28,89.3,5,7,71.4,0,0.3,-0.3,2,5,4,1,9,,
18,Marko Arnautović,FW,at Austria,31,1989,2.4,46,67,68.7,669,120,27,39,69.2,16,19,84.2,1,3,33.3,0,0.2,-0.2,4,2,4,1,3,,
19,Ludwig Augustinsson,DF,se Sweden,26,1994,3.9,81,128,63.3,1439,616,36,41,87.8,32,50,64,9,30,30,0,0,0,1,7,1,1,7,,
20,Daniel Avramovski,MF,mk N. Macedonia,25,1995,0.2,4,4,100,100,0,0,0,,3,3,100,1,1,100,0,0,0,0,0,0,0,0,,
21,Kaan Ayhan,MFDF,tr Turkey,26,1994,2,117,126,92.9,2346,705,43,44,97.7,54,55,98.2,19,24,79.2,0,0.3,-0.3,2,11,1,0,9,,
22,César Azpilicueta,DF,es Spain,31,1989,4.4,279,318,87.7,5016,1682,113,123,91.9,147,165,89.1,19,25,76,0,0.3,-0.3,4,32,3,1,27,,
23,Daniel Bachmann,GK,at Austria,26,1994,4.3,120,153,78.4,3364,2063,28,28,100,45,45,100,44,77,57.1,0,0,0,0,1,0,0,0,,
24,Gareth Bale,MFFW,wls Wales,31,1989,3.9,67,102,65.7,1712,659,15,19,78.9,34,42,81,18,34,52.9,2,1.6,0.4,6,13,9,2,17,,
25,Antonín Barák,MF,cz Czech Republic,26,1994,2,81,101,80.2,1462,428,38,40,95,31,37,83.8,11,21,52.4,0,0.3,-0.3,4,3,2,1,4,,
26,Enis Bardhi,MF,mk N. Macedonia,25,1995,2.6,95,118,80.5,1977,428,32,37,86.5,39,45,86.7,18,26,69.2,0,0.4,-0.4,5,12,3,1,8,,
27,Nicolò Barella,MF,it Italy,23,1997,5.2,202,239,84.5,3281,920,111,122,91,66,81,81.5,20,25,80,1,0.4,0.6,9,16,8,0,27,,
28,Dmitri Barinov,DFMF,ru Russia,24,1996,1.5,82,104,78.8,1586,457,36,42,85.7,31,39,79.5,13,18,72.2,0,0,0,0,8,0,0,6,,
29,Borna Barišić,DF,hr Croatia,28,1992,0.2,12,15,80,188,117,6,8,75,6,6,100,0,1,0,0,0,0,0,0,0,0,0,,
30,Alessandro Bastoni,DF,it Italy,21,1999,1,78,83,94,1560,405,26,26,100,37,38,97.4,12,15,80,0,0.4,-0.4,3,3,1,1,4,,
31,Michy Batshuayi,MF,be Belgium,27,1993,0.2,11,12,91.7,139,26,6,6,100,4,4,100,0,0,,0,0,0,0,0,0,0,0,,
32,Julian Baumgartlinger,MF,at Austria,33,1988,0,2,2,100,31,4,1,1,100,1,1,100,0,0,,0,0,0,0,0,0,0,0,,
33,Christoph Baumgartner,FW,at Austria,21,1999,2.7,69,91,75.8,953,188,47,55,85.5,17,22,77.3,3,6,50,0,0.1,-0.1,1,4,0,0,4,,
34,Jan Bednarek,DF,pl Poland,24,1996,2.9,145,158,91.8,3498,734,30,33,90.9,74,77,96.1,39,45,86.7,0,0,0,0,12,0,0,11,,
35,Egzon Bejtulai,DFMF,mk N. Macedonia,27,1994,0.3,6,10,60,126,63,1,2,50,3,5,60,1,2,50,0,0,0,0,0,0,0,0,,
36,Jude Bellingham,MF,eng England,17,2003,0.6,18,22,81.8,320,35,9,10,90,7,8,87.5,2,2,100,0,0,0,0,0,0,0,0,,
37,Andrea Belotti,FW,it Italy,27,1993,2.4,22,33,66.7,331,34,13,16,81.3,5,9,55.6,2,3,66.7,0,0,0,1,0,1,0,2,,
38,László Bénes,MF,sk Slovakia,23,1997,0.2,13,15,86.7,247,49,4,4,100,8,9,88.9,1,2,50,0,0,0,1,1,0,0,0,,
39,Pierre Bengtsson,DFMF,se Sweden,32,1988,0.5,9,17,52.9,207,115,3,4,75,3,6,50,2,6,33.3,0,0,0,0,1,0,0,1,,
40,Loris Benito,DF,ch Switzerland,29,1992,0.1,3,6,50,31,19,2,3,66.7,1,1,100,0,0,,0,0,0,0,0,0,0,0,,
41,Christian Benteke,FW,be Belgium,30,1990,0.1,4,5,80,50,0,2,3,66.7,0,0,,1,1,100,0,0,0,0,0,0,0,0,,
42,Karim Benzema,FW,fr France,33,1987,3.8,121,139,87.1,1797,384,80,86,93,36,42,85.7,5,5,100,0,0.2,-0.2,3,9,1,0,9,,
43,Domenico Berardi,FW,it Italy,26,1994,4.2,103,138,74.6,1725,403,58,71,81.7,30,35,85.7,14,22,63.6,1,1.1,-0.1,10,2,6,2,11,,
44,Bartosz Bereszyński,DF,pl Poland,28,1992,3,166,206,80.6,3197,1279,59,70,84.3,87,99,87.9,18,32,56.3,0,0,0,0,20,6,2,19,,
45,Marcus Berg,FW,se Sweden,34,1986,2,25,42,59.5,310,81,19,28,67.9,4,8,50,1,2,50,0,0.2,-0.2,1,1,1,0,3,,
46,Steven Berghuis,DFFW,nl Netherlands,29,1991,0.6,22,37,59.5,398,154,11,15,73.3,9,11,81.8,2,8,25,0,0.1,-0.1,2,2,1,0,5,,
47,Federico Bernardeschi,FW,it Italy,26,1994,1.4,32,51,62.7,417,125,24,25,96,7,14,50,1,8,12.5,0,0.4,-0.4,4,1,3,0,3,,
48,Artem Besyedin,FWDF,ua Ukraine,24,1996,0.4,8,10,80,145,25,5,6,83.3,2,3,66.7,1,1,100,0,0,0,1,0,0,0,1,,
49,Roman Bezus,MF,ua Ukraine,30,1990,0,1,1,100,18,0,0,0,,1,1,100,0,0,,0,0,0,0,0,0,0,0,,
50,Daley Blind,DF,nl Netherlands,30,1990,3.3,278,309,90,5260,2797,106,108,98.1,141,151,93.4,28,44,63.6,0,0.6,-0.6,2,44,7,1,45,,
51,Nicolai Boilesen,DF,dk Denmark,28,1992,0.2,4,5,80,56,19,3,4,75,1,1,100,0,0,,0,0,0,0,0,0,0,0,,
52,Leonardo Bonucci,DF,it Italy,33,1987,7.5,419,476,88,10159,3611,86,88,97.7,216,225,96,109,153,71.2,0,0.4,-0.4,2,31,1,0,23,,
53,Jan Bořil,DF,cz Czech Republic,30,1991,4,146,188,77.7,2550,1088,76,82,92.7,51,64,79.7,17,39,43.6,0,0.1,-0.1,2,12,3,0,15,,
54,Endre Botka,DF,hu Hungary,26,1994,3,52,82,63.4,897,343,21,21,100,22,34,64.7,5,21,23.8,0,0,0,0,3,0,0,2,,
55,Dedryck Boyata,DF,be Belgium,30,1990,2,169,171,98.8,3911,1047,30,31,96.8,106,106,100,33,33,100,0,0,0,1,5,0,0,3,,
56,Jakub Brabec,DF,cz Czech Republic,28,1992,0.3,17,19,89.5,366,81,4,4,100,11,11,100,2,4,50,0,0,0,0,3,0,0,0,,
57,Martin Braithwaite,FWMF,dk Denmark,29,1991,6.3,140,185,75.7,2058,391,78,92,84.8,50,60,83.3,6,17,35.3,0,0.4,-0.4,8,8,5,0,12,,
58,Josip Brekalo,FWDF,hr Croatia,22,1998,1.3,36,45,80,683,122,15,17,88.2,15,19,78.9,5,6,83.3,0,0.3,-0.3,1,1,0,0,2,,
59,David Brooks,FWMF,wls Wales,23,1997,0.4,5,8,62.5,112,21,1,2,50,3,3,100,1,2,50,0,0,0,0,0,0,0,0,,
60,Marcelo Brozović,MF,hr Croatia,28,1992,3.1,191,212,90.1,3717,864,84,87,96.6,71,82,86.6,35,39,89.7,0,0.1,-0.1,3,11,2,0,8,,
61,Ante Budimir,MF,hr Croatia,29,1991,0.5,6,7,85.7,98,30,2,3,66.7,3,3,100,1,1,100,0,0,0,0,2,0,0,1,,
62,Heorhiy Bushchan,GK,ua Ukraine,26,1994,5.3,103,145,71,3042,1922,25,25,100,38,38,100,40,82,48.8,0,0,0,0,1,0,0,0,,
63,Sergio Busquets,MF,es Spain,32,1988,4.4,293,321,91.3,5555,1263,108,115,93.9,146,156,93.6,36,42,85.7,0,0.3,-0.3,4,33,4,0,30,,
64,Jens Cajuste,MF,se Sweden,21,1999,0.1,0,0,,0,0,0,0,,0,0,,0,0,,0,0,0,0,0,0,0,0,,
65,Uğurcan Çakır,GK,tr Turkey,24,1996,3,70,103,68,2263,1542,19,19,100,25,25,100,26,58,44.8,0,0,0,0,1,1,0,0,,
66,Duje Ćaleta-Car,DF,hr Croatia,24,1996,2.3,90,97,92.8,2113,665,27,28,96.4,41,41,100,22,26,84.6,0,0,0,0,3,1,0,2,,
67,Hakan Çalhanoğlu,MF,tr Turkey,26,1994,2.9,120,156,76.9,2276,570,53,62,85.5,41,50,82,22,35,62.9,1,0.5,0.5,7,9,4,1,9,,
68,Dominic Calvert-Lewin,FW,eng England,23,1997,0.2,2,3,66.7,25,0,2,2,100,0,1,0,0,0,,0,0,0,0,0,0,0,0,,
69,Emre Can,DFMF,de Germany,27,1994,0.4,41,45,91.1,863,182,10,10,100,24,24,100,6,9,66.7,0,0,0,0,6,1,0,3,,
70,Yannick Carrasco,MF,be Belgium,27,1993,1.5,37,48,77.1,580,122,23,24,95.8,8,11,72.7,4,9,44.4,0,0.1,-0.1,1,4,0,0,3,,
71,William Carvalho,MF,pt Portugal,28,1992,1.5,82,92,89.1,1646,252,30,31,96.8,35,39,89.7,16,20,80,0,0,0,0,11,1,0,6,,
72,Timothy Castagne,DF,be Belgium,25,1995,0.3,10,11,90.9,126,54,7,7,100,3,3,100,0,1,0,0,0,0,0,1,0,0,2,,
73,Gaetano Castrovilli,MF,it Italy,23,1997,0,3,3,100,32,0,3,3,100,0,0,,0,0,,0,0,0,0,0,0,0,0,,
74,Zeki Çelik,DF,tr Turkey,23,1997,3,133,163,81.6,2294,829,68,72,94.4,45,60,75,13,21,61.9,0,0.1,-0.1,2,11,1,0,5,,
75,Ondřej Čelůstka,DF,cz Czech Republic,31,1989,4.7,149,176,84.7,3545,1021,39,41,95.1,69,76,90.8,41,57,71.9,0,0,0,0,5,2,0,8,,
76,Nacer Chadli,DF,be Belgium,31,1989,1,60,70,85.7,787,158,39,40,97.5,17,23,73.9,1,2,50,0,0,0,1,1,1,0,2,,
77,Denis Cheryshev,FWMF,ru Russia,30,1990,0.4,2,3,66.7,32,3,1,2,50,1,1,100,0,0,,0,0,0,1,0,0,0,0,,
78,Giorgio Chiellini,DF,it Italy,36,1984,4.9,287,313,91.7,5410,1379,104,109,95.4,144,150,96,33,47,70.2,0,0,0,1,17,0,0,11,,
79,Federico Chiesa,FW,it Italy,23,1997,4.9,84,112,75,1235,283,45,55,81.8,27,35,77.1,6,12,50,0,0.8,-0.8,6,2,5,2,7,,
80,Andreas Christensen,DF,dk Denmark,24,1996,5.8,265,291,91.1,5085,1515,94,99,94.9,142,154,92.2,28,37,75.7,0,0,0,1,25,0,0,16,,
81,Ryan Christie,FW,sct Scotland,25,1995,0.5,9,11,81.8,154,21,5,6,83.3,3,3,100,1,2,50,0,0.1,-0.1,1,0,2,0,2,,
82,Darko Churlinov,FW,mk N. Macedonia,20,2000,0.9,12,16,75,185,27,5,6,83.3,6,8,75,1,1,100,0,0,0,2,1,1,1,0,,
83,Viktor Claesson,MFFW,se Sweden,29,1992,1,13,21,61.9,262,64,8,12,66.7,3,5,60,2,3,66.7,0,0,0,0,3,0,0,3,,
84,Kingsley Coman,MFFW,fr France,24,1996,1,33,42,78.6,510,102,18,22,81.8,13,16,81.3,2,4,50,0,0.2,-0.2,4,1,0,0,3,,
85,Liam Cooper,DF,sct Scotland,29,1991,1,63,77,81.8,1526,384,12,12,100,39,43,90.7,12,19,63.2,0,0,0,1,6,0,0,3,,
86,Andreas Cornelius,FW,dk Denmark,27,1993,0.7,19,27,70.4,322,48,11,13,84.6,5,7,71.4,2,5,40,1,0.3,0.7,2,1,1,0,2,,
87,Vladimír Coufal,DF,cz Czech Republic,28,1992,5,235,326,72.1,4030,2368,124,130,95.4,82,120,68.3,27,66,40.9,1,0.9,0.1,7,17,11,5,34,,
88,Thibaut Courtois,GK,be Belgium,28,1992,5,140,171,81.9,3962,2173,31,31,100,57,57,100,52,82,63.4,0,0,0,0,0,0,0,0,,
89,Bryan Cristante,MF,it Italy,25,1995,1.5,62,74,83.8,1232,283,28,31,90.3,25,28,89.3,9,13,69.2,0,0,0,1,7,0,0,6,,
90,Tamás Cseri,MF,hu Hungary,33,1988,0.2,1,1,100,11,0,1,1,100,0,0,,0,0,,0,0,0,0,0,0,0,0,,
91,Diogo Dalot,DF,pt Portugal,21,1999,1.1,67,78,85.9,1253,272,27,27,100,36,40,90,4,10,40,0,0,0,0,5,1,0,5,,
92,Mikkel Damsgaard,MFFW,dk Denmark,20,2000,3.6,92,123,74.8,1550,445,49,55,89.1,34,50,68,9,12,75,1,0.4,0.6,6,11,7,2,15,,
93,Marcus Danielsson,DF,se Sweden,31,1989,4.1,130,151,86.1,2687,824,44,50,88,60,65,92.3,21,29,72.4,0,0,0,0,11,0,0,15,,
94,Vladimír Darida,MF,cz Czech Republic,30,1990,2.7,93,125,74.4,1737,499,38,48,79.2,39,49,79.6,13,21,61.9,0,0.2,-0.2,2,8,3,0,13,,
95,Ben Davies,DF,wls Wales,27,1993,3.1,86,120,71.7,1642,570,33,37,89.2,43,59,72.9,10,21,47.6,0,0,0,0,3,2,1,7,,
96,Paweł Dawidowicz,DF,pl Poland,25,1995,0.1,1,2,50,13,13,1,1,100,0,1,0,0,0,,0,0,0,0,0,0,0,0,,
97,Kevin De Bruyne,MF,be Belgium,29,1991,3,136,182,74.7,2757,841,61,71,85.9,45,61,73.8,29,44,65.9,2,2.2,-0.2,13,20,7,0,20,,
98,Thomas Delaney,MF,dk Denmark,29,1991,5.1,198,251,78.9,3644,869,97,110,88.2,73,81,90.1,26,47,55.3,0,0.3,-0.3,4,20,8,4,16,,
99,Ousmane Dembélé,FWMF,fr France,23,1997,0.3,6,11,54.5,119,22,2,3,66.7,3,5,60,1,2,50,0,0,0,1,0,0,0,1,,
100,Merih Demiral,DF,tr Turkey,22,1998,2.5,123,138,89.1,2276,601,51,52,98.1,57,63,90.5,15,22,68.2,0,0,0,1,4,0,0,3,,
101,Jason Denayer,DF,be Belgium,25,1995,2,148,158,93.7,2674,734,69,72,95.8,61,64,95.3,18,21,85.7,0,0,0,0,16,0,0,5,,
102,Leander Dendoncker,MF,be Belgium,25,1995,1.7,78,90,86.7,1414,165,37,40,92.5,33,37,89.2,8,12,66.7,0,0,0,0,3,0,0,0,,
103,Memphis Depay,FW,nl Netherlands,26,1994,3.6,123,176,69.9,1962,628,78,94,83,31,41,75.6,10,32,31.3,2,1.1,0.9,6,12,9,1,19,,
104,Halil Dervişoğlu,MF,tr Turkey,21,1999,0.3,4,7,57.1,53,17,3,4,75,1,1,100,0,1,0,0,0,0,0,2,1,0,1,,
105,Giovanni Di Lorenzo,DF,it Italy,27,1993,6.5,299,345,86.7,5445,2216,131,140,93.6,128,142,90.1,33,48,68.8,0,0.3,-0.3,4,33,6,2,25,,
106,Rúben Dias,DF,pt Portugal,23,1997,4,286,307,93.2,6756,2124,67,68,98.5,153,154,99.4,66,82,80.5,0,0,0,0,15,2,0,12,,
107,Lucas Digne,DF,fr France,27,1993,1.1,62,74,83.8,831,250,44,48,91.7,17,20,85,1,2,50,0,0.2,-0.2,1,3,2,2,3,,
108,Stole Dimitrievski,GK,mk N. Macedonia,27,1993,3,74,98,75.5,2652,1707,10,10,100,25,25,100,39,63,61.9,0,0.1,-0.1,1,3,0,0,0,,
109,Igor Diveev,DF,ru Russia,21,1999,2.5,95,117,81.2,2578,812,14,15,93.3,49,51,96.1,32,50,64,0,0,0,0,8,0,0,8,,
110,Jeremy Doku,MF,be Belgium,18,2002,1.8,48,60,80,710,100,29,34,85.3,16,22,72.7,3,3,100,0,0.2,-0.2,3,2,3,0,3,,
111,Kasper Dolberg,FW,dk Denmark,23,1997,2.5,38,49,77.6,474,48,26,32,81.3,7,9,77.8,2,4,50,0,0.1,-0.1,2,1,0,0,0,,
112,Gianluigi Donnarumma,GK,it Italy,21,1999,8,201,243,82.7,4721,2737,63,64,98.4,85,87,97.7,52,91,57.1,0,0,0,0,0,0,0,0,,
113,Artem Dovbyk,FW,ua Ukraine,23,1997,0.2,4,5,80,43,11,4,4,100,0,0,,0,1,0,0,0.1,-0.1,1,0,0,0,0,,
114,Aleksandar Dragović,DF,at Austria,29,1991,3.8,201,232,86.6,4702,1569,50,59,84.7,101,113,89.4,48,57,84.2,0,0,0,0,20,1,0,19,,
115,Martin Dúbravka,GK,sk Slovakia,32,1989,3,80,120,66.7,2316,1206,17,17,100,38,39,97.4,25,62,40.3,0,0,0,0,1,0,0,1,,
116,Ondrej Duda,FW,sk Slovakia,26,1994,2.5,71,88,80.7,1404,212,33,42,78.6,26,29,89.7,12,16,75,0,0.2,-0.2,4,5,2,0,5,,
117,Denzel Dumfries,DF,nl Netherlands,24,1996,3.5,95,129,73.6,1614,637,51,62,82.3,33,41,80.5,10,21,47.6,0,0.3,-0.3,4,4,2,1,12,,
118,Michal Ďuriš,FWMF,sk Slovakia,32,1988,0.6,13,13,100,205,3,6,6,100,4,4,100,1,1,100,0,0,0,0,0,0,0,0,,
119,Lyndon Dykes,FW,sct Scotland,25,1995,2.9,24,53,45.3,371,102,14,27,51.9,8,18,44.4,1,2,50,0,0.2,-0.2,3,3,0,0,3,,
120,Georgi Dzhikiya,DF,ru Russia,27,1993,3,110,132,83.3,2252,614,33,35,94.3,59,60,98.3,16,35,45.7,0,0,0,0,5,1,0,3,,
121,Artem Dzyuba,FW,ru Russia,32,1988,2.9,50,83,60.2,605,158,29,42,69,13,23,56.5,1,4,25,1,0.4,0.6,5,3,2,0,4,,
122,Albin Ekdal,MF,se Sweden,31,1989,4.3,119,136,87.5,2086,468,53,58,91.4,48,56,85.7,14,15,93.3,0,0.4,-0.4,2,12,2,0,7,,
123,Elif Elmas,MFFW,mk N. Macedonia,21,1999,3,94,106,88.7,1672,375,39,43,90.7,42,46,91.3,10,11,90.9,0,0,0,1,7,1,0,11,,
124,Nico Elvedi,DF,ch Switzerland,24,1996,5.7,216,240,90,4070,1237,74,81,91.4,119,123,96.7,23,33,69.7,0,0,0,0,12,0,0,7,,
125,Breel Embolo,FW,ch Switzerland,23,1997,4.1,87,110,79.1,1361,356,49,58,84.5,30,35,85.7,6,9,66.7,0,0.6,-0.6,6,2,6,0,8,,
126,Christian Eriksen,MF,dk Denmark,28,1992,0.5,22,30,73.3,451,85,9,9,100,6,7,85.7,6,13,46.2,0,0.1,-0.1,2,1,0,0,1,,
127,Christian Fassnacht,FWMF,ch Switzerland,27,1993,0.8,8,19,42.1,138,34,3,5,60,3,10,30,1,3,33.3,0,0,0,0,0,0,0,0,,
128,João Félix,FW,pt Portugal,21,1999,0.4,16,20,80,265,52,8,11,72.7,6,6,100,2,3,66.7,0,0,0,0,1,1,0,3,,
129,Bruno Fernandes,MF,pt Portugal,26,1994,2.3,79,105,75.2,1783,554,30,33,90.9,28,38,73.7,20,30,66.7,0,0.8,-0.8,6,7,7,1,12,,
130,Mário Fernandes,DF,ru Russia,30,1990,2.3,59,76,77.6,1021,350,25,28,89.3,28,36,77.8,4,10,40,0,0,0,0,3,3,1,7,,
131,Attila Fiola,DF,hu Hungary,30,1990,2.9,62,91,68.1,945,454,31,34,91.2,29,42,69,0,7,0,0,0,0,0,2,0,0,4,,
132,Alessandro Florenzi,DF,it Italy,29,1991,0.5,48,57,84.2,926,276,18,21,85.7,24,25,96,5,10,50,0,0,0,0,3,0,0,2,,
133,Phil Foden,FWMF,eng England,20,2000,1.8,63,75,84,1133,129,27,27,100,24,29,82.8,10,14,71.4,0,0.1,-0.1,3,1,0,0,1,,
134,James Forrest,DF,sct Scotland,29,1991,0.1,3,5,60,38,16,2,2,100,1,2,50,0,1,0,0,0,0,0,0,0,0,0,,
135,Emil Forsberg,MF,se Sweden,29,1991,4.1,119,147,81,2074,481,51,56,91.1,48,56,85.7,16,28,57.1,0,0.2,-0.2,5,12,6,0,16,,
136,Marcus Forss,FW,fi Finland,21,1999,0.1,1,2,50,10,0,1,1,100,0,0,,0,0,,0,0,0,0,0,0,0,0,,
137,Przemysław Frankowski,DFFW,pl Poland,25,1995,0.9,41,49,83.7,680,225,25,27,92.6,12,14,85.7,4,5,80,1,0.7,0.3,5,0,6,4,3,,
138,Ryan Fraser,MF,sct Scotland,26,1994,0.5,15,22,68.2,295,82,6,8,75,7,8,87.5,2,6,33.3,0,0.2,-0.2,1,1,1,1,1,,
139,Remo Freuler,MF,ch Switzerland,28,1992,5.1,224,249,90,3899,1031,104,110,94.5,97,102,95.1,22,32,68.8,1,0.7,0.3,5,18,3,0,19,,
140,Cody Gakpo,MF,nl Netherlands,21,1999,0.1,4,6,66.7,44,8,4,5,80,0,0,,0,1,0,0,0,0,0,0,1,0,1,,
141,Eric García,DF,es Spain,20,2001,2.8,277,288,96.2,6080,1399,52,52,100,184,188,97.9,41,48,85.4,0,0,0,0,13,0,0,14,,
142,Mario Gavranović,FWMF,ch Switzerland,31,1989,1.7,23,31,74.2,304,41,13,16,81.3,7,10,70,1,1,100,0,0.2,-0.2,2,2,0,0,1,,
143,Billy Gilmour,MF,sct Scotland,19,2001,0.8,40,45,88.9,713,102,17,18,94.4,19,21,90.5,4,6,66.7,0,0,0,0,2,0,0,1,,
144,Matthias Ginter,DF,de Germany,27,1994,3.8,263,300,87.7,5270,1566,86,91,94.5,138,151,91.4,37,54,68.5,0,0,0,1,28,2,0,20,,
145,Olivier Giroud,FW,fr France,34,1986,0.5,7,11,63.6,99,20,6,8,75,0,1,0,1,1,100,0,0.1,-0.1,1,0,1,0,1,,
146,Kamil Glik,DF,pl Poland,32,1988,3,120,141,85.1,2660,692,22,26,84.6,85,91,93.4,13,23,56.5,0,0.1,-0.1,1,5,0,0,9,,
147,Serge Gnabry,FW,de Germany,25,1995,2.8,63,80,78.8,922,50,37,45,82.2,19,23,82.6,3,6,50,0,0.1,-0.1,1,3,0,0,0,,
148,Aleksandr Golovin,MFFW,ru Russia,24,1996,3,100,130,76.9,1848,562,42,48,87.5,39,51,76.5,15,25,60,0,0.2,-0.2,3,5,6,4,10,,
149,Leon Goretzka,MFFW,de Germany,25,1995,1.6,66,72,91.7,1139,251,27,28,96.4,32,35,91.4,5,6,83.3,0,0.1,-0.1,1,7,0,0,7,,
150,Robin Gosens,DF,de Germany,26,1994,3.5,159,190,83.7,2696,616,72,78,92.3,72,86,83.7,12,20,60,1,1.1,-0.1,5,4,6,4,10,,
151,Ryan Gravenberch,MF,nl Netherlands,18,2002,1.2,85,95,89.5,1327,392,41,42,97.6,38,42,90.5,3,5,60,0,0,0,1,8,3,0,12,,
152,Jack Grealish,FWMF,eng England,25,1995,2,64,77,83.1,942,177,36,40,90,27,30,90,1,4,25,2,1,1,5,4,5,0,9,,
153,Michael Gregoritsch,FWMF,at Austria,26,1994,1.2,23,27,85.2,308,36,12,13,92.3,8,11,72.7,0,0,,0,0.2,-0.2,1,0,1,0,2,,
154,Ján Greguš,FW,sk Slovakia,30,1991,0,1,1,100,5,0,0,0,,0,0,,0,0,,0,0,0,0,0,0,0,0,,
155,Antoine Griezmann,MFFW,fr France,29,1991,3.9,152,189,80.4,3221,760,55,64,85.9,63,70,90,34,52,65.4,0,0.6,-0.6,9,15,6,0,20,,
156,Florian Grillitsch,MF,at Austria,25,1995,2.5,146,169,86.4,3103,753,46,49,93.9,71,77,92.2,28,39,71.8,0,0,0,0,16,3,1,13,,
157,Raphaël Guerreiro,DF,pt Portugal,27,1993,4,245,275,89.1,3961,1314,133,138,96.4,88,98,89.8,20,31,64.5,0,0.2,-0.2,4,14,4,3,17,,
158,Péter Gulácsi,GK,hu Hungary,30,1990,3,81,102,79.4,1913,875,28,28,100,35,35,100,17,37,45.9,0,0,0,0,0,0,0,0,,
159,İlkay Gündoğan,MF,de Germany,30,1990,2.4,172,183,94,3270,495,71,75,94.7,77,81,95.1,22,23,95.7,0,0,0,0,22,0,0,9,,
160,Chris Gunter,DF,wls Wales,31,1989,1,25,30,83.3,494,123,8,8,100,14,15,93.3,3,7,42.9,0,0,0,0,0,0,0,0,,
161,Joško Gvardiol,DF,hr Croatia,19,2002,4.1,174,209,83.3,2967,1156,86,94,91.5,65,74,87.8,17,30,56.7,0,0,0,1,7,6,2,16,,
162,Marcel Halstenberg,DF,de Germany,29,1991,0.3,9,11,81.8,188,79,2,2,100,4,6,66.7,2,2,100,0,0.1,-0.1,1,0,1,1,0,,
163,Marek Hamšík,MF,sk Slovakia,33,1987,2.8,127,151,84.1,2811,607,52,57,91.2,43,52,82.7,30,37,81.1,1,0.2,0.8,3,8,1,1,10,,
164,Dávid Hancko,DF,sk Slovakia,23,1997,0.1,8,10,80,159,97,5,5,100,2,3,66.7,1,2,50,0,0,0,0,1,1,0,1,,
165,Grant Hanley,DF,sct Scotland,29,1991,2.4,82,88,93.2,1584,270,24,27,88.9,49,50,98,7,9,77.8,0,0,0,0,0,0,0,1,,
166,Lukáš Haraslín,FW,sk Slovakia,24,1996,2,30,38,78.9,505,57,17,20,85,9,11,81.8,3,4,75,0,0.1,-0.1,1,0,0,0,0,,
167,Ferhan Hasani,FW,mk N. Macedonia,30,1990,0.3,5,8,62.5,95,51,3,3,100,1,3,33.3,1,2,50,0,0,0,0,1,0,0,2,,
168,Kai Havertz,FWMF,de Germany,21,1999,3.3,96,117,82.1,1501,372,57,66,86.4,33,36,91.7,6,9,66.7,0,0.9,-0.9,4,4,6,0,10,,
169,Eden Hazard,MF,be Belgium,30,1991,2.5,121,139,87.1,1992,452,65,73,89,48,55,87.3,8,9,88.9,1,0.1,0.9,2,9,3,1,12,,
170,Thorgan Hazard,DF,be Belgium,27,1993,4,249,283,88,4415,1022,114,124,91.9,99,109,90.8,28,34,82.4,0,0,0,1,6,1,0,11,,
171,Filip Helander,DFMF,se Sweden,27,1993,0.2,3,3,100,27,13,3,3,100,0,0,,0,0,,0,0,0,0,0,0,0,0,,
172,Jordan Henderson,MF,eng England,30,1990,1.7,101,118,85.6,1829,405,39,44,88.6,53,58,91.4,8,15,53.3,0,0,0,0,10,2,0,9,,
173,Jack Hendry,DF,sct Scotland,25,1995,0.7,18,22,81.8,398,158,4,4,100,10,11,90.9,4,6,66.7,0,0,0,0,1,1,0,2,,
174,Lucas Hernández,DF,fr France,24,1996,1.5,70,80,87.5,1097,319,39,41,95.1,26,30,86.7,3,7,42.9,0,0,0,0,4,0,0,4,,
175,Martin Hinteregger,DF,at Austria,28,1992,4.3,215,254,84.6,4260,1392,69,74,93.2,113,126,89.7,29,49,59.2,0,0,0,0,16,2,0,15,,
176,Adam Hložek,FW,cz Czech Republic,18,2002,0.9,16,25,64,272,87,8,11,72.7,7,10,70,1,4,25,0,0.2,-0.2,1,0,3,2,5,,
177,Pierre Højbjerg,MF,dk Denmark,25,1995,6.3,338,399,84.7,6612,1574,126,137,92,159,181,87.8,49,75,65.3,3,0.7,2.3,9,38,11,1,40,,
178,Tomáš Holeš,MF,cz Czech Republic,27,1993,3.3,89,112,79.5,1529,460,48,56,85.7,27,35,77.1,11,16,68.8,1,0.2,0.8,2,9,1,0,10,,
179,Lukáš Hrádecký,GK,fi Finland,31,1989,3,65,115,56.5,2280,1568,10,10,100,22,24,91.7,33,81,40.7,0,0,0,0,2,0,0,0,,
180,Jakub Hromada,MF,sk Slovakia,24,1996,1.4,30,38,78.9,440,69,21,23,91.3,8,9,88.9,1,4,25,0,0,0,0,1,0,0,0,,
181,Patrik Hrošovský,MF,sk Slovakia,28,1992,1.1,47,53,88.7,908,163,23,24,95.8,15,16,93.8,9,11,81.8,0,0,0,0,0,1,1,1,,
182,Tomáš Hubočan,DF,sk Slovakia,35,1985,2.9,107,129,82.9,1909,903,38,42,90.5,61,71,85.9,7,12,58.3,0,0.2,-0.2,4,7,3,0,15,,
183,Mats Hummels,DF,de Germany,32,1988,3.7,297,316,94,6719,1858,68,69,98.6,163,169,96.4,65,75,86.7,1,0.2,0.8,2,27,3,0,21,,
184,Stefan Ilsanker,MFFW,at Austria,31,1989,0.3,13,15,86.7,213,123,8,9,88.9,4,5,80,1,1,100,0,0,0,0,0,0,0,1,,
185,Ciro Immobile,FW,it Italy,30,1990,4.9,102,128,79.7,1469,150,54,64,84.4,30,37,81.1,8,12,66.7,1,0.6,0.4,3,4,4,0,7,,
186,Lorenzo Insigne,FW,it Italy,29,1991,5.6,268,341,78.6,4760,1190,147,166,88.6,81,99,81.8,37,63,58.7,0,1.2,-1.2,13,12,13,3,26,,
187,Alexander Isak,FW,se Sweden,21,1999,3.6,51,69,73.9,823,248,26,35,74.3,15,17,88.2,7,8,87.5,2,1.5,0.5,5,3,4,0,9,,
188,Luka Ivanušec,FWMF,hr Croatia,22,1998,0.7,19,25,76,286,73,11,14,78.6,7,9,77.8,1,1,100,0,0,0,0,1,0,0,1,,
189,Daniel James,MFFW,wls Wales,23,1997,3.5,53,72,73.6,1124,423,22,26,84.6,16,23,69.6,14,19,73.7,0,0.5,-0.5,10,1,5,4,4,,
190,Reece James,DF,eng England,21,1999,1,86,88,97.7,1500,448,36,37,97.3,47,47,100,3,4,75,0,0.3,-0.3,2,5,1,1,11,,
191,Jakub Jankto,FWMF,cz Czech Republic,25,1996,2.7,80,107,74.8,1503,381,48,50,96,20,31,64.5,12,21,57.1,0,0.5,-0.5,7,3,1,0,7,,
192,Fredrik Jensen,DFFW,fi Finland,23,1997,0.1,1,3,33.3,17,5,0,1,0,1,1,100,0,0,,0,0,0,0,1,0,0,0,,
193,Mathias Jensen,MFFW,dk Denmark,25,1996,1.6,90,120,75,1835,422,42,47,89.4,30,37,81.1,18,35,51.4,1,0.2,0.8,2,4,4,1,9,,
194,Frenkie de Jong,MF,nl Netherlands,23,1997,3.9,237,269,88.1,4118,1027,106,123,86.2,108,111,97.3,19,25,76,0,0.4,-0.4,4,25,4,0,18,,
195,Luuk de Jong,FW,nl Netherlands,30,1990,0.1,9,14,64.3,99,18,6,7,85.7,2,4,50,0,2,0,0,0,0,0,1,0,0,1,,
196,Jorginho,MF,it Italy,29,1991,7.8,487,518,94,8249,2189,221,228,96.9,231,237,97.5,29,44,65.9,0,0.5,-0.5,6,56,5,0,35,,
197,Diogo Jota,FWMF,pt Portugal,24,1996,3.6,88,107,82.2,1399,195,47,53,88.7,30,37,81.1,8,10,80,1,1,0,5,5,0,0,3,,
198,Kamil Jóźwiak,DF,pl Poland,22,1998,2.7,104,134,77.6,1487,555,65,74,87.8,30,43,69.8,7,14,50,1,0.3,0.7,5,5,3,2,12,,
199,Josip Juranović,DF,hr Croatia,25,1995,1.8,76,91,83.5,1288,305,36,38,94.7,27,30,90,8,16,50,0,0,0,0,0,1,1,6,,
200,Pavel Kadeřábek,DF,cz Czech Republic,28,1992,1,38,49,77.6,695,284,19,20,95,14,21,66.7,5,8,62.5,0,0,0,0,3,0,0,2,,
201,İrfan Kahveci,MF,tr Turkey,25,1995,1.3,54,67,80.6,868,146,30,32,93.8,17,20,85,5,10,50,0,0.1,-0.1,4,3,1,1,2,,
202,Sasa Kalajdzic,FW,at Austria,23,1997,1.2,32,39,82.1,512,103,19,23,82.6,10,13,76.9,3,3,100,0,0.1,-0.1,1,3,2,0,4,,
203,Tomáš Kalas,DF,cz Czech Republic,27,1993,5,164,191,85.9,3845,1140,50,55,90.9,70,74,94.6,44,60,73.3,2,0.3,1.7,1,8,1,0,10,,
204,Glen Kamara,MF,fi Finland,25,1995,3,142,159,89.3,2516,629,65,73,89,57,63,90.5,18,18,100,0,0,0,2,12,2,1,9,,
205,Harry Kane,FW,eng England,27,1993,7.2,116,164,70.7,2027,376,55,72,76.4,34,52,65.4,15,22,68.2,0,0.5,-0.5,5,12,3,0,15,,
206,N'Golo Kanté,MF,fr France,29,1991,4.3,232,253,91.7,4240,867,111,119,93.3,88,94,93.6,31,32,96.9,0,0,0,1,24,1,0,16,,
207,Kenan Karaman,MF,tr Turkey,26,1994,1.8,25,41,61,296,56,18,22,81.8,6,13,46.2,0,3,0,0,0,0,0,1,0,0,0,,
208,Oleksandr Karavayev,DF,ua Ukraine,28,1992,5.3,242,290,83.4,4364,1279,114,129,88.4,91,103,88.3,30,43,69.8,1,0.8,0.2,5,11,4,0,17,,
209,Vyacheslav Karavayev,DF,ru Russia,25,1995,1.5,45,66,68.2,713,155,18,21,85.7,25,31,80.6,0,8,0,0,0.1,-0.1,1,1,0,0,2,,
210,Joni Kauko,MFFW,fi Finland,30,1990,0.7,24,31,77.4,413,84,13,13,100,9,13,69.2,2,4,50,0,0,0,0,2,1,0,2,,
211,Joshua Kimmich,DF,de Germany,25,1995,4,222,261,85.1,4085,1047,93,97,95.9,105,120,87.5,22,41,53.7,1,1,0,7,13,13,5,16,,
212,Presnel Kimpembe,DF,fr France,25,1995,4.3,260,276,94.2,5100,1456,79,84,94,149,154,96.8,29,33,87.9,0,0.1,-0.1,1,14,1,0,13,,
213,Simon Kjær,DF,dk Denmark,31,1989,5.9,235,264,89,5317,1641,60,64,93.8,131,139,94.2,41,58,70.7,0,0.1,-0.1,1,16,0,0,12,,
214,László Kleinheisler,MF,hu Hungary,26,1994,2.7,43,59,72.9,711,157,21,27,77.8,17,20,85,3,7,42.9,0,0,0,2,2,0,0,1,,
215,Mateusz Klich,MF,pl Poland,30,1990,2.3,83,119,69.7,1261,266,46,54,85.2,27,34,79.4,7,21,33.3,0,0.2,-0.2,1,8,1,1,4,,
216,Orkun Kökçü,MF,tr Turkey,20,2000,0.1,6,7,85.7,159,45,3,3,100,1,1,100,2,3,66.7,0,0,0,1,2,0,0,1,,
217,Koke,MF,es Spain,29,1992,5.3,395,450,87.8,7335,1995,183,199,92,150,159,94.3,58,84,69,0,0.6,-0.6,10,60,7,2,39,,
218,Martin Koscelník,FWDF,sk Slovakia,25,1995,1.1,33,42,78.6,644,165,13,15,86.7,15,18,83.3,5,9,55.6,0,0,0,0,1,2,1,2,,
219,Tihomir Kostadinov,MFFW,mk N. Macedonia,24,1996,0.6,13,17,76.5,213,42,6,6,100,7,7,100,0,4,0,0,0,0,1,2,0,0,1,,
220,Jules Koundé,DF,fr France,22,1998,1,41,49,83.7,676,289,24,27,88.9,14,15,93.3,3,6,50,0,0,0,0,3,1,0,4,,
221,Mateo Kovačić,MF,hr Croatia,26,1994,3.8,194,217,89.4,3477,784,83,91,91.2,86,90,95.6,18,26,69.2,1,0.2,0.8,4,12,2,0,17,,
222,Kacper Kozłowski,FWMF,pl Poland,17,2003,0.6,15,18,83.3,297,99,7,7,100,6,7,85.7,2,2,100,0,0,0,0,1,0,0,1,,
223,Emil Krafth,DF,se Sweden,26,1994,0.9,17,29,58.6,362,114,5,6,83.3,9,14,64.3,3,8,37.5,0,0,0,0,0,0,0,0,,
224,Alex Král,MF,cz Czech Republic,22,1998,1.4,46,70,65.7,819,181,22,28,78.6,16,23,69.6,7,14,50,0,0,0,0,4,0,0,4,,
225,Andrej Kramarić,FWMF,hr Croatia,29,1991,2.5,55,62,88.7,874,93,31,32,96.9,13,16,81.3,9,10,90,1,0,1,2,2,2,1,1,,
226,Michal Krmenčík,FW,cz Czech Republic,27,1993,0.7,9,13,69.2,107,25,4,6,66.7,3,3,100,0,0,,0,0.1,-0.1,1,1,0,0,1,,
227,Toni Kroos,MF,de Germany,31,1990,4,351,390,90,7791,2390,109,116,94,158,169,93.5,78,99,78.8,0,0.4,-0.4,6,64,5,0,53,,
228,Grzegorz Krychowiak,MFFW,pl Poland,31,1990,1.5,64,84,76.2,1133,345,32,37,86.5,27,36,75,5,11,45.5,0,0,0,0,6,2,0,7,,
229,Serhiy Kryvtsov,DF,ua Ukraine,29,1991,1.7,98,102,96.1,2334,288,16,17,94.1,55,55,100,26,29,89.7,0,0,0,0,0,0,0,1,,
230,Juraj Kucka,MF,sk Slovakia,33,1987,3,85,108,78.7,1604,355,44,53,83,24,31,77.4,15,21,71.4,0,0,0,1,6,1,0,4,,
231,Fyodor Kudryashov,DF,ru Russia,33,1987,0.7,17,24,70.8,301,206,6,7,85.7,11,14,78.6,0,3,0,0,0,0,0,1,0,0,1,,
232,Dejan Kulusevski,FW,se Sweden,20,2000,1.5,35,43,81.4,455,120,24,27,88.9,10,13,76.9,0,0,,2,0.8,1.2,5,0,2,0,3,,
233,Daler Kuzyaev,DFFW,ru Russia,28,1993,2.1,85,100,85,1492,397,38,41,92.7,39,44,88.6,7,12,58.3,0,0,0,1,5,3,2,4,,
234,Konrad Laimer,FWMF,at Austria,23,1997,3.7,82,112,73.2,1256,301,47,55,85.5,27,29,93.1,6,19,31.6,1,0.1,0.9,3,7,3,0,10,,
235,Stefan Lainer,DF,at Austria,28,1992,4.3,175,230,76.1,2915,1250,93,112,83,66,79,83.5,15,34,44.1,0,0,0,0,8,2,2,14,,
236,Aymeric Laporte,DF,es Spain,26,1994,7,637,673,94.7,14612,4293,126,129,97.7,387,399,97,122,141,86.5,0,0.3,-0.3,1,64,2,0,36,,
237,Lassi Lappalainen,FW,fi Finland,22,1998,0.2,3,5,60,26,4,3,4,75,0,0,,0,1,0,0,0,0,0,0,0,0,0,,
238,Seb Larsson,MF,se Sweden,35,1985,4.1,100,139,71.9,1897,485,44,51,86.3,37,47,78.7,16,31,51.6,0,0.2,-0.2,3,14,4,1,13,,
239,Valentino Lazaro,FWMF,at Austria,24,1996,0.2,14,15,93.3,270,94,6,6,100,4,5,80,3,3,100,0,0.1,-0.1,2,2,1,1,1,,
240,Thomas Lemar,FW,fr France,25,1995,0,6,7,85.7,108,26,3,3,100,2,2,100,1,2,50,0,0.1,-0.1,1,0,1,1,0,,
241,Clément Lenglet,DF,fr France,25,1995,0.5,39,41,95.1,784,232,15,16,93.8,16,16,100,8,8,100,0,0,0,0,3,0,0,5,,
242,Dylan Levitt,MF,wls Wales,20,2000,0.1,0,0,,0,0,0,0,,0,0,,0,0,,0,0,0,0,0,0,0,0,,
243,Robert Lewandowski,FW,pl Poland,32,1988,3,46,68,67.6,790,185,19,27,70.4,19,23,82.6,5,10,50,0,0.3,-0.3,3,4,3,0,4,,
244,Philipp Lienhart,DF,at Austria,24,1996,0.6,37,41,90.2,786,202,13,14,92.9,17,18,94.4,7,9,77.8,0,0,0,0,3,0,0,2,,
245,Matthijs de Ligt,DFMF,nl Netherlands,21,1999,2.6,119,127,93.7,2687,606,28,29,96.6,69,73,94.5,22,25,88,0,0,0,0,3,0,0,5,,
246,Victor Lindelöf,DF,se Sweden,26,1994,4.3,190,215,88.4,4070,1416,52,57,91.2,101,106,95.3,34,47,72.3,0,0.1,-0.1,1,13,1,0,11,,
247,Karol Linetty,MF,pl Poland,25,1995,0.9,26,33,78.8,425,99,13,18,72.2,11,12,91.7,2,2,100,0,0,0,2,3,0,0,1,,
248,Dominik Livaković,GK,hr Croatia,26,1995,4.3,99,132,75,2809,1679,21,22,95.5,43,43,100,34,66,51.5,0,0,0,0,1,0,0,0,,
249,Marcos Llorente,DF,es Spain,26,1995,2.7,241,266,90.6,3790,1072,122,129,94.6,96,105,91.4,15,19,78.9,0,0.4,-0.4,5,18,7,2,23,,
250,Hugo Lloris,GK,fr France,34,1986,4.3,87,108,80.6,2870,1917,16,16,100,33,33,100,37,58,63.8,0,0,0,0,4,0,0,0,,
251,Stanislav Lobotka,MF,sk Slovakia,26,1994,0.5,22,23,95.7,428,65,10,10,100,8,9,88.9,3,3,100,0,0,0,0,1,0,0,0,,
252,Manuel Locatelli,MF,it Italy,23,1998,3,123,139,88.5,2334,572,59,64,92.2,43,50,86,21,25,84,0,0.1,-0.1,3,15,0,0,11,,
253,Robin Lod,MF,fi Finland,27,1993,3,83,103,80.6,1330,329,39,46,84.8,39,45,86.7,4,7,57.1,0,0.6,-0.6,3,4,3,0,8,,
254,Dejan Lovren,DF,hr Croatia,31,1989,2,100,114,87.7,2316,621,23,23,100,52,57,91.2,25,33,75.8,0,0,0,0,2,0,0,4,,
255,Gergő Lovrencsics,DFMF,hu Hungary,32,1988,1.1,28,43,65.1,643,345,8,12,66.7,11,15,73.3,8,14,57.1,0,0.1,-0.1,1,2,2,2,2,,
256,José Luis Gayà,DF,es Spain,25,1995,0.8,46,50,92,866,174,17,17,100,24,26,92.3,4,6,66.7,0,0,0,0,2,1,1,1,,
257,Romelu Lukaku,FW,be Belgium,27,1993,4.9,51,78,65.4,769,108,29,37,78.4,15,23,65.2,4,8,50,0,0.2,-0.2,3,2,4,0,6,,
258,Mikael Lustig,DF,se Sweden,34,1986,3.5,122,169,72.2,2502,788,39,45,86.7,62,80,77.5,20,40,50,0,0.1,-0.1,1,9,2,1,15,,
259,Joakim Mæhle,DF,dk Denmark,23,1997,6.3,284,334,85,4350,1580,154,168,91.7,112,130,86.2,13,21,61.9,1,0.6,0.4,6,15,8,2,27,,
260,Harry Maguire,DF,eng England,27,1993,5.7,334,367,91,7540,2156,68,73,93.2,208,220,94.5,56,71,78.9,0,0.2,-0.2,1,36,2,0,19,,
261,Róbert Mak,FW,sk Slovakia,29,1991,2.6,52,65,80,847,187,36,41,87.8,9,9,100,6,11,54.5,0,0,0,1,5,0,0,4,,
262,Yevhen Makarenko,MF,ua Ukraine,29,1991,0.6,46,49,93.9,963,227,15,15,100,21,22,95.5,9,9,100,0,0,0,0,7,0,0,3,,
263,Donyell Malen,FW,nl Netherlands,22,1999,1.7,46,55,83.6,630,123,29,33,87.9,14,17,82.4,1,2,50,2,1.9,0.1,5,1,2,0,7,,
264,Ruslan Malinovskyi,MFFW,ua Ukraine,27,1993,3.2,100,125,80,2031,609,41,45,91.1,40,51,78.4,17,24,70.8,1,2.1,-1.1,9,9,7,0,17,,
265,Marlos,FWMF,ua Ukraine,32,1988,0.8,25,31,80.6,369,60,13,15,86.7,9,9,100,1,4,25,0,0,0,0,1,1,0,1,,
266,David Marshall,GK,sct Scotland,35,1985,3,68,115,59.1,2763,2138,6,6,100,29,29,100,33,80,41.3,0,0,0,0,4,0,0,0,,
267,Lukáš Masopust,FW,cz Czech Republic,27,1993,3.5,88,111,79.3,1252,295,51,57,89.5,24,30,80,5,10,50,0,0.2,-0.2,3,3,4,1,5,,
268,Mykola Matviyenko,DF,ua Ukraine,24,1996,5.3,350,379,92.3,7082,2208,120,123,97.6,173,181,95.6,54,70,77.1,0,0,0,0,31,0,0,28,,
269,Kevin Mbabu,DF,ch Switzerland,25,1995,2.4,68,100,68,1398,515,24,30,80,30,41,73.2,12,19,63.2,1,0.4,0.6,3,8,4,1,10,,
270,Kylian Mbappé,FW,fr France,22,1998,4.3,88,112,78.6,1450,272,47,54,87,31,37,83.8,8,14,57.1,1,1.4,-0.4,7,6,4,0,9,,
271,John McGinn,MF,sct Scotland,26,1994,3,68,83,81.9,1264,305,26,29,89.7,36,39,92.3,6,12,50,0,0.4,-0.4,2,10,2,0,8,,
272,Callum McGregor,MF,sct Scotland,27,1993,2.3,84,90,93.3,1581,248,32,33,97,42,44,95.5,10,12,83.3,0,0,0,2,8,1,0,7,,
273,Scott McKenna,DF,sct Scotland,24,1996,0.6,14,17,82.4,331,80,3,3,100,7,9,77.8,4,5,80,0,0,0,0,1,0,0,1,,
274,Scott McTominay,DFMF,sct Scotland,24,1996,3,106,120,88.3,2049,774,45,50,90,48,51,94.1,11,15,73.3,0,0,0,0,7,0,0,12,,
275,Admir Mehmedi,FWMF,ch Switzerland,29,1991,0.4,20,25,80,262,74,14,17,82.4,4,4,100,1,1,100,0,0,0,0,2,0,0,1,,
276,Chris Mepham,DF,wls Wales,23,1997,3,77,87,88.5,1873,646,13,15,86.7,44,44,100,20,28,71.4,0,0,0,0,7,0,0,5,,
277,Umut Meraş,DF,tr Turkey,25,1995,1.8,61,72,84.7,1045,457,27,31,87.1,25,30,83.3,7,9,77.8,0,0,0,0,3,2,1,12,,
278,Dries Mertens,MF,be Belgium,33,1987,2,29,48,60.4,457,160,14,20,70,13,19,68.4,1,5,20,1,0.1,0.9,1,3,1,0,4,,
279,Thomas Meunier,DF,be Belgium,29,1991,3.7,168,221,76,3016,1059,84,93,90.3,62,80,77.5,20,44,45.5,2,0.3,1.7,3,7,1,0,16,,
280,Tyrone Mings,DF,eng England,27,1993,2.1,115,126,91.3,2682,796,23,23,100,67,67,100,25,35,71.4,0,0.1,-0.1,1,3,0,0,1,,
281,Aleksei Miranchuk,MFFW,ru Russia,25,1995,1.9,46,59,78,738,169,22,25,88,21,24,87.5,2,6,33.3,0,0.6,-0.6,4,5,5,0,9,,
282,Jakub Moder,MF,pl Poland,21,1999,1,14,23,60.9,384,128,4,5,80,5,7,71.4,5,10,50,0,0.2,-0.2,1,2,0,0,2,,
283,Luka Modrić,MF,hr Croatia,35,1985,4.3,250,291,85.9,4992,1458,106,118,89.8,95,100,95,43,60,71.7,1,0.4,0.6,6,22,4,1,20,,
284,Kieffer Moore,FWMF,wls Wales,28,1992,3.2,32,53,60.4,465,67,22,29,75.9,6,11,54.5,3,7,42.9,0,0,0,0,2,1,0,2,,
285,Álvaro Morata,FW,es Spain,28,1992,5,118,142,83.1,1899,144,62,73,84.9,28,34,82.4,16,18,88.9,0,0.3,-0.3,4,3,3,0,7,,
286,Gerard Moreno,FW,es Spain,28,1992,3.1,94,126,74.6,1386,304,60,68,88.2,29,37,78.4,5,12,41.7,2,0.3,1.7,3,3,7,0,13,,
287,Joe Morrell,MF,wls Wales,24,1997,3.3,106,121,87.6,2111,487,40,44,90.9,45,51,88.2,19,23,82.6,1,0.2,0.8,4,8,3,0,12,,
288,Mason Mount,MF,eng England,22,1999,5.1,149,184,81,2285,688,77,81,95.1,43,53,81.1,15,26,57.7,0,1.1,-1.1,9,7,7,0,12,,
289,João Moutinho,MF,pt Portugal,34,1986,1.7,98,111,88.3,1845,453,40,42,95.2,44,47,93.6,12,17,70.6,0,0.3,-0.3,4,8,0,0,6,,
290,Maksim Mukhin,MF,ru Russia,19,2001,0.6,13,19,68.4,318,95,1,2,50,9,10,90,3,6,50,0,0,0,0,2,1,0,3,,
291,Mert Müldür,DF,tr Turkey,21,1999,1.2,46,59,78,758,256,21,25,84,20,23,87,3,6,50,0,0.1,-0.1,1,3,1,1,7,,
292,Thomas Müller,MFFW,de Germany,31,1989,3.2,113,149,75.8,1727,394,52,67,77.6,50,58,86.2,4,11,36.4,0,0.6,-0.6,4,8,4,1,15,,
293,Jamal Musiala,MFFW,de Germany,17,2003,0.1,6,6,100,84,1,4,4,100,2,2,100,0,0,,0,0,0,0,0,0,0,0,,
294,Visar Musliu,DF,mk N. Macedonia,26,1994,2.9,99,110,90,2000,419,35,38,92.1,45,49,91.8,17,20,85,0,0,0,2,1,0,0,4,,
295,Vitaliy Mykolenko,DF,ua Ukraine,21,1999,3.9,178,212,84,3080,712,79,87,90.8,81,92,88,14,24,58.3,0,0,0,1,3,2,1,9,,
296,Ádám Nagy,MF,hu Hungary,25,1995,3,90,107,84.1,1568,502,43,49,87.8,35,39,89.7,9,14,64.3,0,0,0,1,3,0,0,4,,
297,Loïc Nego,DFMF,hu Hungary,30,1991,2.3,51,63,81,800,418,29,34,85.3,20,23,87,2,4,50,0,0,0,1,1,1,0,5,,
298,Manuel Neuer,GK,de Germany,34,1986,4,120,141,85.1,3314,1870,22,22,100,53,53,100,45,66,68.2,0,0,0,0,1,0,0,0,,
299,Rúben Neves,MF,pt Portugal,23,1997,0.2,9,9,100,206,0,1,1,100,6,6,100,2,2,100,0,0,0,0,0,0,0,0,,
300,Nemanja Nikolić,FW,hu Hungary,33,1987,0.8,11,14,78.6,150,0,6,8,75,4,4,100,0,0,,0,0,0,0,0,0,0,0,,
301,Boban Nikolov,DFMF,mk N. Macedonia,26,1994,1.3,27,36,75,466,146,13,16,81.3,13,14,92.9,1,3,33.3,0,0.1,-0.1,1,1,1,0,2,,
302,Kevin Nisbet,FW,sct Scotland,23,1997,0.3,4,7,57.1,55,1,3,5,60,1,1,100,0,0,,0,0,0,0,0,0,0,0,,
303,Christian Nørgaard,MF,dk Denmark,26,1994,1.8,90,100,90,1490,368,45,49,91.8,35,37,94.6,8,9,88.9,0,0.2,-0.2,1,4,1,0,6,,
304,Stephen O'Donnell,DF,sct Scotland,28,1992,2.8,74,109,67.9,1664,597,23,24,95.8,33,53,62.3,17,26,65.4,0,0.3,-0.3,3,5,2,1,8,,
305,Daniel O'Shaughnessy,DF,fi Finland,26,1994,3,115,151,76.2,2384,930,41,43,95.3,45,55,81.8,26,48,54.2,0,0.1,-0.1,3,5,2,1,5,,
306,Sérgio Oliveira,MF,pt Portugal,28,1992,0.2,18,25,72,426,99,7,8,87.5,5,5,100,6,10,60,0,0,0,0,3,1,0,2,,
307,Dani Olmo,FW,es Spain,22,1998,4.2,144,198,72.7,2253,519,88,105,83.8,37,51,72.5,13,26,50,3,1.7,1.3,10,5,6,4,10,,
308,Robin Olsen,GK,se Sweden,31,1990,4.3,54,124,43.5,1870,1304,10,10,100,17,18,94.4,26,95,27.4,0,0,0,0,1,0,0,0,,
309,Kristoffer Olsson,MF,se Sweden,25,1995,3.7,134,152,88.2,2531,736,58,63,92.1,56,61,91.8,19,25,76,0,0,0,0,16,2,0,18,,
310,Karim Onisiwo,FW,at Austria,28,1992,0.1,1,1,100,9,0,1,1,100,0,0,,0,0,,0,0,0,0,0,0,0,0,,
311,Willi Orban,DF,hu Hungary,28,1992,3,75,88,85.2,1710,497,18,19,94.7,45,47,95.7,12,21,57.1,0,0,0,0,1,0,0,2,,
312,Mislav Oršić,FW,hr Croatia,28,1992,0.6,8,15,53.3,119,60,6,8,75,1,3,33.3,1,3,33.3,1,0.3,0.7,2,2,1,1,2,,
313,Mikel Oyarzabal,FW,es Spain,23,1997,1.9,82,98,83.7,1434,327,40,46,87,30,32,93.8,11,15,73.3,0,0.8,-0.8,6,3,3,1,8,,
314,Magomed Ozdoyev,MF,ru Russia,28,1992,2.3,74,97,76.3,1498,365,33,37,89.2,21,29,72.4,18,26,69.2,0,0.1,-0.1,1,7,3,3,6,,
315,João Palhinha,MF,pt Portugal,25,1995,1.4,49,55,89.1,1039,255,18,20,90,21,22,95.5,8,11,72.7,0,0,0,0,8,0,0,6,,
316,Emerson Palmieri,DF,it Italy,26,1994,3.2,134,153,87.6,1943,539,75,81,92.6,52,60,86.7,3,5,60,0,0.1,-0.1,2,6,1,0,7,,
317,Goran Pandev,FW,mk N. Macedonia,37,1983,2.8,43,62,69.4,705,107,24,32,75,13,15,86.7,4,5,80,0,0.3,-0.3,3,3,1,0,3,,
318,Mario Pašalić,FWMF,hr Croatia,25,1995,0.5,24,25,96,397,101,10,10,100,12,12,100,1,2,50,0,0.6,-0.6,2,2,1,0,4,,
319,Rui Patrício,GK,pt Portugal,32,1988,4,83,102,81.4,1874,928,17,17,100,48,48,100,16,35,45.7,0,0,0,0,0,0,0,0,,
320,Nathan Patterson,DF,sct Scotland,19,2001,0.1,9,11,81.8,127,26,6,6,100,3,5,60,0,0,,0,0,0,0,0,0,0,0,,
321,Benjamin Pavard,DF,fr France,24,1996,3.3,170,198,85.9,2818,965,81,89,91,65,80,81.3,17,20,85,0,0.1,-0.1,2,13,1,0,15,,
322,Pedri,MF,es Spain,18,2002,7,429,467,91.9,8326,1617,177,189,93.7,182,195,93.3,64,71,90.1,0,1.1,-1.1,10,68,11,3,43,,
323,Peter Pekarík,DF,sk Slovakia,34,1986,2.6,136,156,87.2,2373,698,67,72,93.1,60,63,95.2,9,17,52.9,0,0.1,-0.1,3,4,2,1,4,,
324,Tomáš Pekhart,FW,cz Czech Republic,31,1989,0.2,1,4,25,11,0,1,4,25,0,0,,0,0,,0,0,0,0,0,0,0,0,,
325,Pepe,DF,pt Portugal,37,1983,4,248,277,89.5,5713,1585,72,74,97.3,122,126,96.8,53,75,70.7,0,0,0,0,11,1,0,17,,
326,Danilo Pereira,MF,pt Portugal,29,1991,2.6,121,130,93.1,2612,635,39,40,97.5,59,62,95.2,23,26,88.5,0,0,0,1,10,2,0,7,,
327,Ivan Perišić,FW,hr Croatia,31,1989,2.9,71,99,71.7,1189,371,40,46,87,23,30,76.7,7,17,41.2,1,0.6,0.4,7,5,3,1,8,,
328,Matteo Pessina,MF,it Italy,23,1997,2.1,43,56,76.8,649,127,26,33,78.8,14,20,70,2,2,100,0,0.1,-0.1,3,4,0,0,4,,
329,Bruno Petković,FW,hr Croatia,26,1994,1.9,38,53,71.7,497,75,27,33,81.8,9,10,90,1,4,25,0,0,0,1,3,1,0,3,,
330,Kalvin Phillips,MF,eng England,25,1995,7.4,295,340,86.8,5791,928,106,118,89.8,150,155,96.8,35,57,61.4,1,0.3,0.7,3,22,6,1,15,,
331,Jordan Pickford,GK,eng England,26,1994,7.7,166,257,64.6,5196,3115,37,37,100,61,64,95.3,68,156,43.6,0,0,0,0,3,0,0,0,,
332,Przemysław Płacheta,MF,pl Poland,22,1998,0.1,5,12,41.7,80,53,3,3,100,2,3,66.7,0,3,0,0,0.1,-0.1,1,0,0,0,1,,
333,Paul Pogba,MF,fr France,27,1993,4.2,245,286,85.7,4531,1254,120,136,88.2,85,93,91.4,34,46,73.9,1,1.2,-0.2,8,32,7,1,20,,
334,Joel Pohjanpalo,FW,fi Finland,26,1994,2.7,32,51,62.7,536,110,18,29,62.1,10,13,76.9,4,6,66.7,0,0.1,-0.1,2,2,0,0,2,,
335,Yussuf Poulsen,FW,dk Denmark,26,1994,3.3,66,98,67.3,882,204,45,55,81.8,12,24,50,4,9,44.4,0,0.6,-0.6,7,3,2,1,2,,
336,Dennis Praet,DFMF,be Belgium,26,1994,0.3,8,9,88.9,130,14,4,5,80,4,4,100,0,0,,0,0,0,0,0,0,0,0,,
337,Quincy Promes,FWDF,nl Netherlands,29,1992,0.7,31,41,75.6,461,68,16,21,76.2,11,15,73.3,2,2,100,0,0,0,0,0,1,1,0,,
338,Tymoteusz Puchacz,DF,pl Poland,22,1999,1.7,32,58,55.2,573,230,18,24,75,11,19,57.9,3,8,37.5,0,0,0,0,3,1,1,3,,
339,Teemu Pukki,FW,fi Finland,30,1990,2.6,30,41,73.2,463,76,18,24,75,8,11,72.7,3,3,100,0,0.2,-0.2,3,2,3,1,3,,
340,Robin Quaison,FW,se Sweden,27,1993,1.4,8,15,53.3,101,5,7,9,77.8,1,3,33.3,0,1,0,0,0,0,0,1,0,0,0,,
341,Adrien Rabiot,DFMF,fr France,25,1995,3.4,176,202,87.1,2829,762,92,101,91.1,72,83,86.7,10,12,83.3,0,0,0,1,15,3,0,14,,
342,Jukka Raitala,DF,fi Finland,32,1988,2.8,64,90,71.1,1115,507,29,33,87.9,29,36,80.6,6,20,30,0,0,0,0,2,0,0,8,,
343,Aaron Ramsey,MFFW,wls Wales,30,1990,3.9,118,154,76.6,2373,549,52,65,80,45,52,86.5,21,33,63.6,0,0.3,-0.3,4,11,5,1,16,,
344,Marcus Rashford,FW,eng England,23,1997,1,32,39,82.1,511,71,19,21,90.5,7,9,77.8,5,7,71.4,0,0,0,0,2,0,0,2,,
345,Giacomo Raspadori,FW,it Italy,20,2000,0.2,4,6,66.7,85,26,2,2,100,1,2,50,1,1,100,0,0,0,0,0,0,0,0,,
346,Ante Rebić,FW,hr Croatia,27,1993,2.2,23,43,53.5,318,72,15,22,68.2,8,14,57.1,0,3,0,0,0.1,-0.1,1,3,1,0,2,,
347,Declan Rice,MF,eng England,22,1999,5.9,293,316,92.7,5846,1043,87,93,93.5,166,174,95.4,35,42,83.3,0,0,0,1,29,2,0,18,,
348,Kire Ristevski,MF,mk N. Macedonia,30,1990,0.1,7,8,87.5,156,50,0,0,,7,7,100,0,0,,0,0,0,0,2,0,0,1,,
349,Milan Ristovski,FW,mk N. Macedonia,22,1998,0.1,0,0,,0,0,0,0,,0,0,,0,0,,0,0,0,0,0,0,0,0,,
350,Stefan Ristovski,DF,mk N. Macedonia,28,1992,3,125,162,77.2,2328,853,54,64,84.4,52,63,82.5,17,29,58.6,0,0,0,0,5,0,0,9,,
351,Connor Roberts,DF,wls Wales,25,1995,3.4,97,120,80.8,1925,883,45,46,97.8,39,48,81.3,12,22,54.5,0,0.2,-0.2,1,8,1,0,10,,
352,Tyler Roberts,FW,wls Wales,22,1999,0.1,5,5,100,67,14,3,3,100,1,1,100,0,0,,0,0,0,0,0,0,0,0,,
353,Andrew Robertson,DF,sct Scotland,26,1994,3,118,164,72,2548,928,36,39,92.3,56,69,81.2,22,48,45.8,0,1,-1,9,9,6,5,11,,
354,Joe Rodon,DF,wls Wales,23,1997,4,102,117,87.2,2316,587,22,24,91.7,62,67,92.5,17,24,70.8,0,0.4,-0.4,1,3,0,0,2,,
355,Rodri,MF,es Spain,24,1996,2.5,181,194,93.3,3714,591,60,64,93.8,90,97,92.8,31,32,96.9,0,0.1,-0.1,2,24,0,0,12,,
356,Ricardo Rodríguez,DF,ch Switzerland,28,1992,5.3,225,280,80.4,4498,1906,91,95,95.8,97,115,84.3,34,63,54,0,0.6,-0.6,10,20,6,2,26,,
357,Cristiano Ronaldo,FW,pt Portugal,35,1985,4,109,130,83.8,1532,273,59,66,89.4,37,44,84.1,4,6,66.7,1,1.2,-0.2,4,6,7,0,12,,
358,Marten de Roon,MF,nl Netherlands,29,1991,2.6,127,153,83,2350,464,53,61,86.9,58,66,87.9,14,22,63.6,0,0.1,-0.1,2,14,0,0,4,,
359,Antonio Rüdiger,DF,de Germany,27,1993,4,276,294,93.9,5602,1751,79,81,97.5,168,171,98.2,28,39,71.8,0,0,0,0,37,0,0,17,,
360,Fabián Ruiz Peña,MF,es Spain,24,1996,0.8,56,64,87.5,953,200,29,31,93.5,21,24,87.5,6,7,85.7,0,0,0,0,7,1,1,3,,
361,Maciej Rybus,DF,pl Poland,31,1989,0.8,36,45,80,662,162,16,16,100,14,17,82.4,6,12,50,1,0.2,0.8,2,2,2,1,3,,
362,Marcel Sabitzer,MF,at Austria,26,1994,4.3,205,240,85.4,3633,845,100,108,92.6,71,79,89.9,27,39,69.2,1,0.6,0.4,5,17,9,3,20,,
363,Michal Sadílek,MF,cz Czech Republic,21,1999,0,1,1,100,8,0,1,1,100,0,0,,0,0,,0,0,0,0,0,0,0,0,,
364,Matvei Safonov,GK,ru Russia,21,1999,2,37,52,71.2,1688,1289,3,3,100,8,8,100,26,41,63.4,0,0,0,0,0,0,0,0,,
365,Bukayo Saka,FW,eng England,19,2001,3,69,90,76.7,1130,122,33,39,84.6,24,28,85.7,7,13,53.8,0,0,0,0,2,2,0,3,,
366,Roland Sallai,FW,hu Hungary,23,1997,2.7,33,48,68.8,496,151,22,28,78.6,8,11,72.7,2,4,50,1,0.3,0.7,4,2,2,0,3,,
367,Renato Sanches,MF,pt Portugal,23,1997,2.4,178,194,91.8,3340,749,84,87,96.6,61,63,96.8,27,33,81.8,0,0.3,-0.3,3,22,6,3,14,,
368,Jadon Sancho,FW,eng England,20,2000,1.1,45,49,91.8,600,102,24,26,92.3,14,16,87.5,2,2,100,0,0,0,0,2,2,0,3,,
369,Leroy Sané,FWDF,de Germany,25,1996,1.3,52,64,81.3,815,126,29,30,96.7,19,21,90.5,3,8,37.5,0,0,0,1,1,4,2,4,,
370,Pablo Sarabia,FW,es Spain,28,1992,2.8,116,152,76.3,1732,403,67,78,85.9,42,56,75,5,13,38.5,1,1.4,-0.4,6,4,4,1,10,,
371,Ľubomír Šatka,DF,sk Slovakia,25,1995,3,180,189,95.2,3930,1256,45,47,95.7,100,102,98,35,40,87.5,0,0.1,-0.1,1,5,0,0,1,,
372,András Schäfer,MF,hu Hungary,21,1999,2.5,60,68,88.2,908,210,31,34,91.2,25,27,92.6,2,3,66.7,0,0.1,-0.1,3,7,1,0,5,,
373,Fabian Schär,DFMF,ch Switzerland,29,1991,2.1,111,128,86.7,2575,679,28,28,100,60,64,93.8,23,31,74.2,0,0,0,0,10,1,0,6,,
374,Louis Schaub,MF,at Austria,26,1994,0.2,5,6,83.3,87,72,2,3,66.7,3,3,100,0,0,,1,0.1,0.9,1,0,1,0,2,,
375,Patrik Schick,FW,cz Czech Republic,25,1996,4.4,72,100,72,1132,183,34,47,72.3,31,34,91.2,4,6,66.7,0,0,0,0,7,2,0,4,,
376,Xaver Schlager,MF,at Austria,23,1997,4.1,127,156,81.4,2249,601,59,64,92.2,51,61,83.6,16,23,69.6,0,0.2,-0.2,5,19,3,0,17,,
377,Kasper Schmeichel,GK,dk Denmark,34,1986,6.3,106,157,67.5,4414,3074,13,13,100,26,26,100,67,118,56.8,0,0,0,1,4,0,0,0,,
378,Szabolcs Schön,FW,hu Hungary,20,2000,0.3,5,6,83.3,36,5,5,5,100,0,0,,0,1,0,0,0,0,0,0,0,0,0,,
379,Alessandro Schöpf,FW,at Austria,26,1994,1,38,44,86.4,544,90,22,25,88,8,9,88.9,4,4,100,0,0.6,-0.6,3,1,1,1,1,,
380,Rasmus Schüller,MF,fi Finland,29,1991,1.3,41,52,78.8,772,127,15,15,100,20,26,76.9,6,9,66.7,0,0,0,0,1,0,0,0,,
381,Haris Seferović,FW,ch Switzerland,28,1992,4.2,67,93,72,915,192,36,50,72,26,33,78.8,1,2,50,0,0.7,-0.7,6,2,4,0,8,,
382,Nélson Semedo,DF,pt Portugal,27,1993,2.9,141,169,83.4,2306,706,67,71,94.4,63,68,92.6,9,20,45,0,0.2,-0.2,2,21,1,0,16,,
383,Andrei Semyonov,DF,ru Russia,31,1989,1,44,54,81.5,995,263,12,12,100,23,27,85.2,9,15,60,0,0,0,0,2,0,0,2,,
384,Petr Ševčík,FWMF,cz Czech Republic,26,1994,2.5,82,108,75.9,1338,308,43,51,84.3,29,31,93.5,6,17,35.3,0,0.4,-0.4,4,4,2,2,5,,
385,Mykola Shaparenko,MF,ua Ukraine,22,1998,3.6,202,224,90.2,3508,706,90,98,91.8,92,96,95.8,16,24,66.7,0,0.1,-0.1,4,16,0,0,11,,
386,Xherdan Shaqiri,MF,ch Switzerland,29,1991,4.1,120,166,72.3,2592,565,52,60,86.7,43,58,74.1,25,47,53.2,1,0.9,0.1,10,13,5,1,14,,
387,Luke Shaw,DF,eng England,25,1995,6.4,329,398,82.7,5478,2054,167,181,92.3,125,147,85,29,48,60.4,3,1.2,1.8,9,13,10,3,28,,
388,Anton Shunin,GK,ru Russia,34,1987,1,16,28,57.1,630,447,3,3,100,3,3,100,10,22,45.5,0,0,0,0,1,0,0,0,,
389,Dávid Sigér,MF,hu Hungary,30,1990,0.1,3,5,60,42,0,2,3,66.7,1,2,50,0,0,,0,0,0,0,0,0,0,0,,
390,André Silva,FW,pt Portugal,25,1995,0.4,10,12,83.3,98,0,8,9,88.9,1,2,50,0,0,,0,0.1,-0.1,2,0,0,0,0,,
391,Bernardo Silva,FWMF,pt Portugal,26,1994,2.7,91,110,82.7,1575,427,40,41,97.6,42,49,85.7,7,10,70,0,0.3,-0.3,5,8,4,0,11,,
392,Rafa Silva,FWMF,pt Portugal,27,1993,0.6,29,33,87.9,372,124,22,22,100,6,7,85.7,1,1,100,2,0.7,1.3,1,4,2,0,7,,
393,Unai Simón,GK,es Spain,23,1997,7,208,225,92.4,4801,2240,53,53,100,111,112,99.1,44,60,73.3,0,0,0,0,1,0,0,0,,
394,Salvatore Sirigu,GK,it Italy,34,1987,0,1,1,100,21,14,0,0,,1,1,100,0,0,,0,0,0,0,0,0,0,0,,
395,Moussa Sissoko,MF,fr France,31,1989,0.4,15,19,78.9,240,12,9,9,100,5,8,62.5,1,2,50,0,0.1,-0.1,1,0,1,1,0,,
396,Andreas Skov Olsen,FWMF,dk Denmark,21,1999,0.4,17,19,89.5,280,44,10,11,90.9,6,7,85.7,1,1,100,0,0.1,-0.1,1,1,0,0,1,,
397,Milan Škriniar,DF,sk Slovakia,25,1995,3,150,165,90.9,3125,720,44,46,95.7,80,83,96.4,24,33,72.7,0,0,0,0,1,0,0,1,,
398,Eduard Sobol,MF,ua Ukraine,25,1995,0,0,0,,0,0,0,0,,0,0,,0,0,,0,0,0,0,0,0,0,0,,
399,Aleksandr Sobolev,FW,ru Russia,23,1997,0.4,11,14,78.6,170,55,6,7,85.7,5,7,71.4,0,0,,0,0.1,-0.1,1,0,1,0,2,,
400,Pyry Soiri,DF,fi Finland,26,1994,0.2,11,12,91.7,153,56,6,6,100,5,5,100,0,0,,0,0,0,0,1,0,0,2,,
401,Yann Sommer,GK,ch Switzerland,32,1988,5.7,137,177,77.4,4108,2675,30,30,100,50,51,98,56,95,58.9,0,0,0,0,0,0,0,0,,
402,Tomáš Souček,MF,cz Czech Republic,25,1995,5,175,219,79.9,3651,745,67,81,82.7,70,85,82.4,35,44,79.5,0,0.2,-0.2,4,13,1,0,10,,
403,Djibril Sow,MF,ch Switzerland,23,1997,0.5,7,14,50,119,24,3,6,50,4,4,100,0,2,0,0,0,0,0,0,0,0,0,,
404,Çağlar Söyüncü,DF,tr Turkey,24,1996,3,162,175,92.6,3323,1345,63,65,96.9,75,77,97.4,24,31,77.4,0,0,0,0,9,0,0,10,,
405,Tim Sparv,MF,fi Finland,33,1987,1.5,60,68,88.2,1186,183,21,22,95.5,29,31,93.5,10,13,76.9,0,0,0,0,4,0,0,1,,
406,Leonardo Spinazzola,DF,it Italy,27,1993,4.2,187,216,86.6,2839,870,97,105,92.4,68,77,88.3,12,17,70.6,2,0.7,1.3,8,18,6,4,15,,
407,Stefan Spirovski,MF,mk N. Macedonia,30,1990,0.5,11,13,84.6,186,60,5,5,100,5,6,83.3,1,1,100,0,0,0,0,2,0,0,1,,
408,Maarten Stekelenburg,GK,nl Netherlands,38,1982,4,94,141,66.7,3212,2172,11,11,100,41,41,100,42,88,47.7,0,0,0,0,2,0,0,0,,
409,Taras Stepanenko,MF,ua Ukraine,31,1989,2,79,98,80.6,1338,285,37,44,84.1,34,40,85,6,9,66.7,0,0,0,1,5,0,0,4,,
410,Raheem Sterling,FWMF,eng England,26,1994,7.1,168,202,83.2,2264,409,106,119,89.1,56,65,86.2,2,8,25,1,0.7,0.3,3,6,8,1,13,,
411,Vlatko Stojanovski,MFFW,mk N. Macedonia,23,1997,0.1,2,2,100,30,0,1,1,100,1,1,100,0,0,,0,0,0,0,0,0,0,0,,
412,John Stones,DF,eng England,26,1994,7.5,444,469,94.7,9632,2494,106,110,96.4,260,268,97,77,90,85.6,0,0,0,0,21,0,0,16,,
413,Jens Stryger Larsen,DF,dk Denmark,29,1991,3.2,135,189,71.4,2526,1208,62,68,91.2,51,63,81,21,55,38.2,1,0.9,0.1,7,4,5,4,14,,
414,Niklas Süle,DFMF,de Germany,25,1995,0.2,7,7,100,131,61,2,2,100,5,5,100,0,0,,0,0,0,0,0,0,0,0,,
415,Tomáš Suslov,FW,sk Slovakia,18,2002,0.3,5,5,100,96,1,1,1,100,3,3,100,1,1,100,0,0,0,0,0,0,0,0,,
416,Gustav Svensson,MF,se Sweden,33,1987,0,0,0,,0,0,0,0,,0,0,,0,0,,0,0,0,0,0,0,0,0,,
417,Karol Świderski,FWMF,pl Poland,24,1997,1.8,19,32,59.4,346,27,9,13,69.2,7,11,63.6,3,7,42.9,0,0,0,1,1,1,0,1,,
418,Jakub Świerczok,FW,pl Poland,28,1992,0.3,6,6,100,117,11,3,3,100,1,1,100,1,1,100,0,0,0,0,0,0,0,0,,
419,Serhiy Sydorchuk,MF,ua Ukraine,29,1991,4.1,166,191,86.9,3012,612,70,80,87.5,73,76,96.1,20,27,74.1,0,0,0,1,16,0,0,7,,
420,Ádám Szalai,FW,hu Hungary,33,1987,2.2,18,31,58.1,314,123,10,12,83.3,4,7,57.1,3,5,60,2,0.2,1.8,1,1,1,0,3,,
421,Attila Szalai,DF,hu Hungary,23,1998,3,99,129,76.7,2128,1011,40,43,93,38,40,95,18,41,43.9,0,0,0,0,3,0,0,4,,
422,Wojciech Szczęsny,GK,pl Poland,30,1990,3,39,66,59.1,1470,1031,4,4,100,15,15,100,20,47,42.6,0,0,0,0,1,0,0,0,,
423,Marcus Thuram,MF,fr France,23,1997,0.1,2,3,66.7,31,2,1,1,100,1,2,50,0,0,,0,0.1,-0.1,1,0,0,0,0,,
424,Youri Tielemans,MF,be Belgium,23,1997,3.8,183,214,85.5,3429,795,74,82,90.2,82,93,88.2,23,29,79.3,0,0.2,-0.2,2,15,3,1,14,,
425,Kieran Tierney,DF,sct Scotland,23,1997,2,70,88,79.5,1842,470,13,16,81.3,37,42,88.1,20,30,66.7,0,0,0,1,7,2,1,4,,
426,Jurrien Timber,DF,nl Netherlands,19,2001,1.6,103,109,94.5,1879,441,39,42,92.9,56,56,100,8,10,80,0,0,0,0,11,0,0,12,,
427,Joona Toivio,DF,fi Finland,32,1988,2.9,90,112,80.4,1851,826,26,26,100,53,59,89.8,11,26,42.3,0,0,0,1,2,0,0,5,,
428,Dorukhan Toköz,MF,tr Turkey,24,1996,0.1,3,4,75,30,18,3,4,75,0,0,,0,0,,0,0,0,0,0,0,0,0,,
429,Corentin Tolisso,FWMF,fr France,26,1994,0.9,59,61,96.7,1160,185,24,24,100,22,23,95.7,12,13,92.3,0,0,0,1,4,1,0,3,,
430,Rafael Tolói,DF,it Italy,30,1990,1.8,78,94,83,1517,485,28,30,93.3,41,47,87.2,9,15,60,1,0.1,0.9,2,11,0,0,8,,
431,Ferrán Torres,FW,es Spain,20,2000,4.1,118,151,78.1,1798,401,68,79,86.1,35,43,81.4,9,19,47.4,1,0.6,0.4,4,4,9,6,10,,
432,Pau Torres,DF,es Spain,24,1997,4.2,407,432,94.2,8909,2384,106,110,96.4,227,236,96.2,72,83,86.7,1,0.5,0.5,2,34,0,0,21,,
433,Aleksandar Trajkovski,FW,mk N. Macedonia,28,1992,1.9,53,63,84.1,887,135,25,29,86.2,17,21,81,5,5,100,0,0.1,-0.1,3,3,3,1,5,,
434,Adama Traoré,DFFW,es Spain,25,1996,0.2,14,16,87.5,262,18,7,7,100,5,5,100,2,3,66.7,0,0,0,0,0,0,0,0,,
435,Ivan Tričkovski,FWDF,mk N. Macedonia,33,1987,0.8,14,17,82.4,244,26,7,8,87.5,6,8,75,1,1,100,0,0,0,0,0,0,0,1,,
436,Christopher Trimmel,DF,at Austria,33,1987,0.1,1,1,100,18,14,0,0,,1,1,100,0,0,,0,0,0,0,1,0,0,1,,
437,Kieran Trippier,DF,eng England,30,1990,3.2,146,193,75.6,2829,1049,59,62,95.2,63,79,79.7,21,45,46.7,1,0.4,0.6,5,11,5,2,8,,
438,Leandro Trossard,DF,be Belgium,26,1994,0.8,47,55,85.5,818,221,24,25,96,20,22,90.9,3,5,60,0,0,0,0,3,3,0,8,,
439,Viktor Tsyhankov,FW,ua Ukraine,23,1997,1.6,58,76,76.3,840,146,33,40,82.5,17,21,81,4,6,66.7,0,0.1,-0.1,2,2,2,0,6,,
440,Ozan Tufan,MF,tr Turkey,25,1995,1.9,73,80,91.3,1301,408,35,37,94.6,30,35,85.7,8,8,100,0,0.3,-0.3,1,11,2,0,9,,
441,Andreas Ulmer,DF,at Austria,35,1985,2,64,85,75.3,932,191,32,40,80,24,31,77.4,3,7,42.9,0,0,0,0,1,1,0,3,,
442,Cengiz Ünder,MF,tr Turkey,23,1997,2.3,55,71,77.5,1025,300,27,32,84.4,17,19,89.5,8,14,57.1,0,0.3,-0.3,6,4,5,2,7,,
443,Jere Uronen,DF,fi Finland,26,1994,2.8,82,103,79.6,1380,508,45,49,91.8,28,36,77.8,8,15,53.3,1,0.6,0.4,4,3,6,3,10,,
444,Tomáš Vaclík,GK,cz Czech Republic,31,1989,5,89,152,58.6,2962,1840,8,8,100,40,40,100,41,103,39.8,0,0,0,0,0,0,0,0,,
445,Leo Väisänen,DF,fi Finland,23,1997,0,0,1,0,0,0,0,0,,0,0,,0,1,0,0,0,0,0,0,0,0,0,,
446,Hans Vanaken,MF,be Belgium,28,1992,0,2,2,100,25,5,2,2,100,0,0,,0,0,,0,0,0,0,0,0,0,0,,
447,Raphaël Varane,DF,fr France,27,1993,4.3,261,278,93.9,6045,1638,43,43,100,169,174,97.1,46,57,80.7,0,0,0,1,31,2,0,17,,
448,Kevin Varga,FWDF,hu Hungary,24,1996,0.1,7,8,87.5,129,14,3,3,100,1,2,50,2,2,100,0,0,0,0,0,0,0,0,,
449,Roland Varga,MF,hu Hungary,31,1990,0,1,3,33.3,29,7,0,0,,1,1,100,0,2,0,0,0,0,0,1,0,0,0,,
450,Ruben Vargas,FWMF,ch Switzerland,22,1998,1.9,45,59,76.3,689,182,26,29,89.7,15,18,83.3,4,11,36.4,0,0,0,2,2,1,0,3,,
451,Darko Velkovski,DF,mk N. Macedonia,25,1995,2.9,101,118,85.6,2326,835,25,26,96.2,53,59,89.8,22,30,73.3,0,0,0,0,4,0,0,2,,
452,Joël Veltman,DF,nl Netherlands,29,1992,0,7,8,87.5,185,94,1,2,50,3,3,100,3,3,100,0,0,0,0,1,1,0,2,,
453,Thomas Vermaelen,DF,be Belgium,35,1985,3.2,172,181,95,3480,848,45,49,91.8,103,105,98.1,22,24,91.7,0,0,0,0,17,1,0,7,,
454,Marco Verratti,MF,it Italy,28,1992,4.4,398,425,93.6,6696,1512,200,207,96.6,156,162,96.3,35,42,83.3,2,1,1,14,33,5,1,22,,
455,Jan Vertonghen,DF,be Belgium,33,1987,3.8,282,309,91.3,5778,2274,102,105,97.1,136,149,91.3,44,54,81.5,0,0.1,-0.1,3,18,1,0,15,,
456,Jannik Vestergaard,DF,dk Denmark,28,1992,5.4,221,252,87.7,4558,1524,82,90,91.1,102,106,96.2,34,51,66.7,0,0.2,-0.2,2,17,0,0,11,,
457,Domagoj Vida,DF,hr Croatia,31,1989,4.3,164,175,93.7,3252,1077,48,53,90.6,95,96,99,20,23,87,0,0,0,0,4,0,0,3,,
458,Nikola Vlašić,FWMF,hr Croatia,23,1997,2.3,48,56,85.7,601,117,33,36,91.7,11,16,68.8,1,1,100,0,0.5,-0.5,2,3,0,0,4,,
459,Kevin Volland,FWDF,de Germany,28,1992,0.1,8,10,80,93,29,5,5,100,2,3,66.7,0,1,0,0,0,0,0,1,0,0,0,,
460,Stefan de Vrij,DF,nl Netherlands,28,1992,3.5,165,178,92.7,3858,864,41,43,95.3,82,84,97.6,37,45,82.2,0,0,0,1,15,0,0,9,,
461,Šime Vrsaljko,DF,hr Croatia,29,1992,2,90,118,76.3,1536,618,46,50,92,32,39,82.1,10,23,43.5,0,0.1,-0.1,1,4,2,1,5,,
462,Matěj Vydra,FW,cz Czech Republic,28,1992,0.4,8,12,66.7,114,34,5,7,71.4,1,1,100,1,2,50,0,0.3,-0.3,1,0,0,0,0,,
463,Kyle Walker,DF,eng England,30,1990,6.7,346,400,86.5,6847,2009,126,137,92,171,181,94.5,46,73,63,0,0.1,-0.1,2,30,2,0,14,,
464,Danny Ward,GK,wls Wales,27,1993,4,78,125,62.4,3008,2206,11,11,100,26,26,100,41,88,46.6,0,0,0,0,5,0,0,0,,
465,Daniel Wass,DF,dk Denmark,31,1989,3,168,210,80,2772,1192,89,95,93.7,66,80,82.5,12,29,41.4,0,0.2,-0.2,5,10,6,1,19,,
466,Wout Weghorst,FW,nl Netherlands,28,1992,2.1,36,53,67.9,447,65,23,30,76.7,8,16,50,2,2,100,0,1,-1,3,0,1,0,1,,
467,Vladimír Weiss,FW,sk Slovakia,31,1989,0.4,18,22,81.8,310,98,9,11,81.8,7,9,77.8,2,2,100,0,0,0,0,2,0,0,2,,
468,Timo Werner,FW,de Germany,24,1996,1.2,26,34,76.5,367,59,14,16,87.5,11,14,78.6,0,1,0,0,0,0,0,1,0,0,1,,
469,Silvan Widmer,DF,ch Switzerland,27,1993,3.3,128,158,81,1999,830,73,80,91.3,44,51,86.3,8,18,44.4,0,0,0,0,8,2,0,9,,
470,Georginio Wijnaldum,MF,nl Netherlands,30,1990,4,108,125,86.4,1794,409,53,60,88.3,39,44,88.6,11,14,78.6,0,0.4,-0.4,2,10,2,0,15,,
471,Owen Wijndal,DF,nl Netherlands,21,1999,0.6,20,26,76.9,384,123,7,7,100,12,15,80,1,3,33.3,0,0,0,0,1,0,0,1,,
472,Neco Williams,DF,wls Wales,19,2001,1.5,61,74,82.4,1188,391,35,35,100,16,21,76.2,10,16,62.5,0,0.3,-0.3,1,9,1,0,6,,
473,Harry Wilson,MFFW,wls Wales,23,1997,0.6,15,17,88.2,209,56,8,8,100,4,5,80,1,2,50,0,0.1,-0.1,1,1,0,0,1,,
474,Jonas Wind,FW,dk Denmark,21,1999,0.9,17,18,94.4,308,70,10,10,100,3,4,75,3,3,100,0,0.1,-0.1,2,2,2,0,3,,
475,Axel Witsel,MF,be Belgium,32,1989,3.4,200,209,95.7,3728,549,84,87,96.6,92,96,95.8,22,23,95.7,0,0.2,-0.2,3,12,0,0,6,,
476,Granit Xhaka,MF,ch Switzerland,28,1992,4.3,285,315,90.5,5428,1561,119,130,91.5,125,132,94.7,39,47,83,1,0.3,0.7,5,35,5,0,29,,
477,Roman Yaremchuk,FW,ua Ukraine,25,1995,4.8,97,115,84.3,1335,159,69,76,90.8,18,23,78.3,7,8,87.5,1,0.1,0.9,2,5,2,0,7,,
478,Andriy Yarmolenko,FW,ua Ukraine,31,1989,4.9,118,162,72.8,1869,447,63,74,85.1,41,53,77.4,10,16,62.5,2,0.7,1.3,6,10,7,1,13,,
479,Yusuf Yazıcı,MFFW,tr Turkey,24,1997,1.3,54,60,90,1046,372,25,26,96.2,19,20,95,9,12,75,0,0.7,-0.7,6,5,3,3,6,,
480,Burak Yılmaz,FW,tr Turkey,35,1985,3,44,60,73.3,579,48,30,38,78.9,14,19,73.7,0,3,0,0,0.2,-0.2,5,0,1,0,2,,
481,Okay Yokuşlu,MF,tr Turkey,26,1994,1.5,63,70,90,1201,255,24,26,92.3,26,31,83.9,10,10,100,0,0,0,0,4,0,0,0,,
482,Illia Zabarnyi,DF,ua Ukraine,18,2002,5.3,289,314,92,5976,1623,83,86,96.5,168,176,95.5,38,50,76,0,0,0,0,16,0,0,7,,
483,Denis Zakaria,MF,ch Switzerland,24,1996,1.4,22,28,78.6,344,97,10,10,100,10,14,71.4,0,2,0,0,0,0,0,2,0,0,3,,
484,Rifat Zhemaletdinov,MF,ru Russia,24,1996,0.7,15,19,78.9,185,49,11,13,84.6,3,4,75,0,1,0,0,0,0,0,1,0,0,1,,
485,Yuri Zhirkov,DF,ru Russia,37,1983,0.5,14,18,77.8,279,108,7,7,100,5,6,83.3,2,5,40,0,0,0,0,1,0,0,3,,
486,Piotr Zieliński,MFFW,pl Poland,26,1994,2.9,100,135,74.1,1635,574,58,64,90.6,28,36,77.8,11,27,40.7,1,0.4,0.6,8,9,5,1,7,,
487,Oleksandr Zinchenko,MFDF,ua Ukraine,24,1996,5.3,242,292,82.9,3914,769,134,146,91.8,78,100,78,21,30,70,1,0.7,0.3,4,14,6,2,17,,
488,Roman Zobnin,MFFW,ru Russia,26,1994,2.7,85,110,77.3,1623,263,34,43,79.1,36,44,81.8,14,19,73.7,0,0.2,-0.2,1,6,1,0,4,,
489,Steven Zuber,DFFW,ch Switzerland,29,1991,3.2,97,125,77.6,1493,385,55,61,90.2,37,46,80.4,4,12,33.3,4,0.8,3.2,6,4,3,2,7,,
490,Oleksandr Zubkov,FW,ua Ukraine,24,1996,0.1,4,4,100,70,41,1,1,100,3,3,100,0,0,,0,0,0,0,0,0,0,0,,
